{

   "shot":[
      {
      "name":"Shot designation",
      "value":"",
      "type":"5",
      "default_value":"",
      "minval":"0",
      "maxval":"200"
      },
      {
         "name":"Framerate",
         "value":"30",
         "type":"0",
         "default_value":"30",
         "minval":"0",
         "maxval":"360"
      },
      {
         "name":"Playmode",
         "value":"1",
         "type":"4",
         "default_value":"1",
         "minval":"",
         "maxval":""
      },
      {
         "name":"Autoplay",
         "value":"0",
         "type":"2",
         "default_value":"0",
         "minval":"",
         "maxval":""
      },
      {
         "name":"Reset View",
         "value":"0",
         "type":"2",
         "default_value":"0",
         "minval":"",
         "maxval":""
      },
      {
         "name":"Scene Rotation",
         "value":"0.000000",
         "type":"0",
         "default_value":"0",
         "minval":"0",
         "maxval":"360"
      },
      {
         "name":"Scale",
         "value":"1.000000",
         "type":"1",
         "default_value":"1",
         "minval":"0",
         "maxval":"1",
         "stepvalue": "0.01",
         "softmin":"0",
         "softmax":"1"
      },
      {
         "name":"CameraHeight",
         "value":"1.75",
         "type":"1",
         "default_value":"1.75",
         "minval":"0",
         "maxval":"2",
         "stepvalue": "0.01",
         "softmin":"0",
         "softmax":"2"
      },
      {
         "name":"Fade From Black Frame Out",
         "value":"0",
         "type":"0",
         "default_value":"0",
         "minval":"0",
         "maxval":"1000000"
      },
      {
         "name":"Fade To Black Frame Out",
         "value":"0",
         "type":"0",
         "default_value":"0",
         "minval":"0",
         "maxval":"1000000"
      },
      {
         "name":"Glow Intensity",
         "value":"0.000000",
         "type":"1",
         "default_value":"0",
         "minval":"0",
         "maxval":"100",
         "softmin":"0",
         "softmax":"10",
         "stepvalue": "0.1"
      },
      {
         "name":"Glow Power",
         "value":"0.000000",
         "type":"1",
         "default_value":"0",
         "minval":"0",
         "maxval":"100",
         "softmin":"0",
         "softmax":"10",
         "stepvalue": "0.1"
      },
      {
         "name":"Continue Audio",
         "value":"0",
         "type":"2",
         "default_value":"0",
         "minval":"",
         "maxval":""
      },
      {
         "name":"Audio Rotation",
         "value":"0.000000",
         "type":"0",
         "default_value":"0",
         "minval":"0",
         "maxval":"360"
      },
      {
         "name":"Background",
         "value":"",
         "type":"3",
         "default_value":"",
         "minval":"",
         "maxval":""
      },
      {
         "name":"Background Rotation",
         "value":"0.000000",
         "type":"0",
         "default_value":"0",
         "minval":"0",
         "maxval":"360"
      }

   ],
   "tbefile":[]
}
